alpha,exact_1693,poly_1693,exact_1158,poly_1158,exact_1277,poly_1277,exact_387,poly_387,exact_1476,poly_1476,exact_1915,poly_1915
1.0000000000e-04,4.7814069650e-05,4.7814069650e-05,2.0095110322e-05,2.0095110322e-05,1.0106766905e-05,1.0106766905e-05,5.8063665107e-05,5.8063665107e-05,3.3861461921e-05,3.3861461921e-05,7.2651911022e-06,7.2651911022e-06
1.2589254118e-04,4.7825478253e-05,4.7825478253e-05,2.0107399077e-05,2.0107399077e-05,1.0119399865e-05,1.0119399865e-05,5.8075009073e-05,5.8075009073e-05,3.3873460431e-05,3.3873460431e-05,7.2779098141e-06,7.2779098141e-06
1.5848931925e-04,4.7839742782e-05,4.7839742782e-05,2.0122824575e-05,2.0122824575e-05,1.0135286580e-05,1.0135286580e-05,5.8089257674e-05,5.8089257674e-05,3.3888542124e-05,3.3888542124e-05,7.2939084508e-06,7.2939084508e-06
1.9952623150e-04,4.7857545361e-05,4.7857545361e-05,2.0142172607e-05,2.0142172607e-05,1.0155259447e-05,1.0155259447e-05,5.8107143921e-05,5.8107143921e-05,3.3907491547e-05,3.3907491547e-05,7.3140285049e-06,7.3140285049e-06
2.5118864315e-04,4.7879711189e-05,4.7879711189e-05,2.0166416982e-05,2.0166416982e-05,1.0180360493e-05,1.0180360493e-05,5.8129579470e-05,5.8129579470e-05,3.3931288336e-05,3.3931288336e-05,7.3393248121e-06,7.3393248121e-06
3.1622776602e-04,4.7907225966e-05,4.7907225966e-05,2.0196759189e-05,2.0196759189e-05,1.0211892207e-05,1.0211892207e-05,5.8157694345e-05,5.8157694345e-05,3.3961153018e-05,3.3961153018e-05,7.3711181357e-06,7.3711181357e-06
3.9810717055e-04,4.7941246363e-05,4.7941246363e-05,2.0234673034e-05,2.0234673034e-05,1.0251479509e-05,1.0251479509e-05,5.8192883144e-05,5.8192883144e-05,3.3998601919e-05,3.3998601919e-05,7.4110598120e-06,7.4110598120e-06
5.0118723363e-04,4.7983095000e-05,4.7983095000e-05,2.0281952471e-05,2.0281952471e-05,1.0301144576e-05,1.0301144576e-05,5.8236857155e-05,5.8236857155e-05,3.4045511504e-05,3.4045511927e-05,7.4612106739e-06,7.4612106739e-06
6.3095734448e-04,4.8034225319e-05,4.8034225319e-05,2.0340758545e-05,2.0340758545e-05,1.0363395965e-05,1.0363395965e-05,5.8291700381e-05,5.8291700381e-05,3.4104188243e-05,3.4104195098e-05,7.5241365066e-06,7.5241365066e-06
7.9432823472e-04,4.8096131661e-05,4.8096131661e-05,2.0413657474e-05,2.0413657474e-05,1.0441332786e-05,1.0441332786e-05,5.8359924880e-05,5.8359924880e-05,3.4177455655e-05,3.4177481622e-05,7.6030220352e-06,7.6030220352e-06
1.0000000000e-03,4.8170163671e-05,4.8170163671e-05,2.0503635262e-05,2.0503635262e-05,1.0538763118e-05,1.0538763118e-05,5.8444516358e-05,5.8444516358e-05,3.4268739396e-05,3.4268806883e-05,7.7018046266e-06,7.7018046266e-06
1.2589254118e-03,4.8257177886e-05,4.8257177886e-05,2.0614063283e-05,2.0614063283e-05,1.0660332906e-05,1.0660332906e-05,5.8548953406e-05,5.8548953406e-05,3.4382146094e-05,3.4382293517e-05,7.8253270754e-06,7.8253270754e-06
1.5848931925e-03,4.8356917250e-05,4.8356917250e-05,2.0748571255e-05,2.0748571255e-05,1.0811656261e-05,1.0811656261e-05,5.8677171236e-05,5.8677171236e-05,3.4522519160e-05,3.4522811070e-05,7.9797408756e-06,7.9795053312e-06
1.9952623150e-03,4.8466941725e-05,4.8466941725e-05,2.0910754657e-05,2.0910754657e-05,1.0999428819e-05,1.0999428819e-05,5.8833420182e-05,5.8833420182e-05,3.4695438588e-05,3.4695981894e-05,8.1729680748e-06,8.1715006365e-06
2.5118864315e-03,4.8580825180e-05,4.8580825180e-05,2.1103596148e-05,2.1103596148e-05,1.1231490123e-05,1.1231490123e-05,5.9021935636e-05,5.9021935636e-05,3.4907108986e-05,3.4908078928e-05,8.4143918078e-06,8.4098743939e-06
3.1622776602e-03,4.8685161379e-05,4.8685161379e-05,2.1328403936e-05,2.1328403936e-05,1.1516774867e-05,1.1516774867e-05,5.9246281757e-05,5.9246281757e-05,3.5164041582e-05,3.5165723201e-05,8.7154181625e-06,8.7046851225e-06
3.9810717055e-03,4.8754647238e-05,4.8754647238e-05,2.1582947147e-05,2.1582947147e-05,1.1865049757e-05,1.1865049757e-05,5.9508421840e-05,5.9508143651e-05,3.5472373312e-05,3.5475227559e-05,9.0897788339e-06,9.0674551826e-06
5.0118723363e-03,4.8744074328e-05,4.8744074328e-05,2.1858271359e-05,2.1858271359e-05,1.2286262469e-05,1.2286262469e-05,5.9815887103e-05,5.9805202014e-05,3.5836564893e-05,3.5841333901e-05,9.5537661347e-06,9.5108826914e-06
6.3095734448e-03,4.8575364376e-05,4.8575364376e-05,2.2133362996e-05,2.2133362996e-05,1.2789215252e-05,1.2789215252e-05,6.0172657134e-05,6.0127498944e-05,3.6257400969e-05,3.6264931545e-05,1.0126314113e-05,1.0048088661e-05
7.9432823472e-03,4.8116679604e-05,4.8116679604e-05,2.2366329690e-05,2.2366329690e-05,1.3379091883e-05,1.3379091883e-05,6.0573772535e-05,6.0451343595e-05,3.6734930436e-05,3.6739088220e-05,1.0828760329e-05,1.0691050793e-05
1.0000000000e-02,4.7148883926e-05,4.7148883926e-05,2.2479964731e-05,2.2479964731e-05,1.4053071286e-05,1.4053071286e-05,6.1002622178e-05,6.0729232117e-05,3.7256601954e-05,3.7242315376e-05,1.1684006544e-05,1.1447651641e-05
1.2589254118e-02,4.5311845010e-05,4.5311845010e-05,2.2338292508e-05,2.2338292508e-05,1.4792787839e-05,1.4792787839e-05,6.1421862326e-05,6.0873341640e-05,3.7787988300e-05,3.7727335180e-05,1.2714607175e-05,1.2316409095e-05
1.5848931925e-02,4.2018645811e-05,4.2018645811e-05,2.1708670691e-05,2.1708670691e-05,1.5551641830e-05,1.5551641830e-05,6.1758437726e-05,6.0728702485e-05,3.8296333844e-05,3.8102573343e-05,1.3939007883e-05,1.3277380546e-05
1.9952623150e-02,3.6318759180e-05,3.6318759180e-05,2.0200813702e-05,2.0200813702e-05,1.6233756366e-05,1.6233756366e-05,6.1879103045e-05,6.0029838667e-05,3.8707824609e-05,3.8201940873e-05,1.5364662793e-05,1.4276810029e-05
2.5118864315e-02,2.6789515300e-05,2.6680111795e-05,1.7760016614e-05,1.7169002628e-05,1.6760998150e-05,1.6659453603e-05,6.1550697110e-05,5.8330989792e-05,3.8863746996e-05,3.7735825539e-05,1.6975530632e-05,1.5201616064e-05
3.1622776602e-02,1.3196402229e-05,1.0642316036e-05,1.4705880972e-05,1.1555652117e-05,1.7382236255e-05,1.6509061898e-05,6.0376011238e-05,5.4894188397e-05,3.8486129963e-05,3.6212013793e-05,1.8575821578e-05,1.5837472687e-05
3.9810717055e-02,1.8950431145e-07,-1.5734636022e-05,1.0892348873e-05,1.6415598841e-06,1.8154920658e-05,1.5231997514e-05,5.7690673691e-05,4.8510197789e-05,3.7101149557e-05,3.2808591959e-05,1.9365253622e-05,1.5800502950e-05
5.0118723363e-02,0.0000000000e+00,-5.8746293512e-05,6.1411570952e-06,-1.5352213316e-05,1.9112761957e-05,1.1900328960e-05,5.2740612374e-05,3.7212606836e-05,3.4087116142e-05,2.6170281783e-05,1.8176631484e-05,1.4426666968e-05
6.3095734448e-02,0.0000000000e+00,-1.2843470686e-04,3.8919025972e-07,-4.3898207081e-05,2.0253371719e-05,4.9737463846e-06,4.5591295179e-05,1.7822043379e-05,2.9823942918e-05,1.4082851130e-05,1.3857790640e-05,1.0593490967e-05
7.9432823472e-02,0.0000000000e+00,-2.4079637394e-04,0.0000000000e+00,-9.1170799970e-05,2.0189570610e-05,-8.0766452970e-06,3.5315266705e-05,-1.4779544247e-05,2.4094318738e-05,-7.0464389091e-06,4.8262627649e-06,2.4337969019e-06
1.0000000000e-01,0.0000000000e+00,-4.2128590825e-04,0.0000000000e+00,-1.6864873350e-04,1.9112816782e-05,-3.1369242769e-05,2.1914535417e-05,-6.8803285135e-05,1.6461234508e-05,-4.3016712150e-05,0.0000000000e+00,-1.3122701263e-05
1.2589254118e-01,0.0000000000e+00,-7.1037440383e-04,0.0000000000e+00,-2.9466069916e-04,1.7202077542e-05,-7.1570210085e-05,9.4582172693e-06,-1.5738828535e-04,7.8603179166e-06,-1.0315116824e-04,0.0000000000e+00,-4.1081830092e-05
1.5848931925e-01,0.0000000000e+00,-1.1723656798e-03,0.0000000000e+00,-4.9842707046e-04,1.4469005101e-05,-1.3941962689e-04,1.1103781196e-06,-3.0151642269e-04,1.0988219540e-06,-2.0239252255e-04,0.0000000000e+00,-8.9553226274e-05
1.9952623150e-01,0.0000000000e+00,-1.9093776843e-03,0.0000000000e+00,-8.2647474176e-04,1.0509068846e-05,-2.5215958558e-04,0.0000000000e+00,-5.3464038849e-04,0.0000000000e+00,-3.6463291821e-04,0.0000000000e+00,-1.7161128840e-04
2.5118864315e-01,0.0000000000e+00,-3.0835123518e-03,0.0000000000e+00,-1.3528154508e-03,4.7017457478e-06,-4.3739419311e-04,0.0000000000e+00,-9.1002921855e-04,0.0000000000e+00,-6.2800263940e-04,0.0000000000e+00,-3.0825638194e-04
3.1622776602e-01,0.0000000000e+00,-4.9520060847e-03,0.0000000000e+00,-2.1950917952e-03,1.4090647937e-07,-7.3922202517e-04,0.0000000000e+00,-1.5124234936e-03,0.0000000000e+00,-1.0532662049e-03,0.0000000000e+00,-5.3312288213e-04
3.9810717055e-01,0.0000000000e+00,-7.9229566695e-03,0.0000000000e+00,-3.5401851519e-03,0.0000000000e+00,-1.2279739974e-03,0.0000000000e+00,-2.4765243541e-03,0.0000000000e+00,-1.7371469645e-03,0.0000000000e+00,-8.9995961319e-04
5.0118723363e-01,0.0000000000e+00,-1.2643666084e-02,0.0000000000e+00,-5.6848244152e-03,0.0000000000e+00,-2.0156702501e-03,0.0000000000e+00,-4.0163177217e-03,0.0000000000e+00,-2.8334674257e-03,0.0000000000e+00,-1.4945090800e-03
6.3095734448e-01,0.0000000000e+00,-2.0140681600e-02,0.0000000000e+00,-9.0999753669e-03,0.0000000000e+00,-3.2805471164e-03,0.0000000000e+00,-6.4715766324e-03,0.0000000000e+00,-4.5866824418e-03,0.0000000000e+00,-2.4533644095e-03
7.9432823472e-01,0.0000000000e+00,-3.2041780207e-02,0.0000000000e+00,-1.4532927279e-02,0.0000000000e+00,-5.3059668322e-03,0.0000000000e+00,-1.0381595922e-02,0.0000000000e+00,-7.3850610206e-03,0.0000000000e+00,-3.9938928890e-03
1.0000000000e+00,0.0000000000e+00,-5.0927833303e-02,0.0000000000e+00,-2.3169135007e-02,0.0000000000e+00,-8.5421319571e-03,0.0000000000e+00,-1.6602095942e-02,0.0000000000e+00,-1.1845018233e-02,0.0000000000e+00,-6.4617085349e-03
