alpha,exact_93705,poly_93705,exact_37913,poly_37913,exact_99951,poly_99951,exact_24005,poly_24005,exact_55566,poly_55566,exact_77383,poly_77383,exact_90645,poly_90645
1.0000000000e-04,5.1251920631e-05,5.1251920631e-05,4.7486296690e-05,4.7486296690e-05,4.0225993812e-06,4.0225993812e-06,4.3532204897e-06,4.3532204897e-06,2.9364841207e-06,2.9364841207e-06,4.5891778309e-04,4.5891778309e-04,3.7471817510e-06,3.7471817510e-06
1.2589254118e-04,5.1250846338e-05,5.1250846338e-05,4.7485320443e-05,4.7485320443e-05,4.0227536556e-06,4.0227536556e-06,4.3533664800e-06,4.3533664800e-06,2.9366668366e-06,2.9366668366e-06,4.5890614980e-04,4.5890614980e-04,3.7473436796e-06,3.7473436796e-06
1.5848931925e-04,5.1249491906e-05,5.1249491906e-05,4.7484089616e-05,4.7484089616e-05,4.0229477090e-06,4.0229477090e-06,4.3535501947e-06,4.3535501947e-06,2.9368967989e-06,2.9368967989e-06,4.5889150160e-04,4.5889150160e-04,3.7475475390e-06,3.7475475390e-06
1.9952623150e-04,5.1247783642e-05,5.1247783642e-05,4.7482537238e-05,4.7482537238e-05,4.0231917436e-06,4.0231917436e-06,4.3537813571e-06,4.3537813571e-06,2.9371862036e-06,2.9371862035e-06,4.5887305622e-04,4.5887305622e-04,3.7478041886e-06,3.7478041886e-06
2.5118864315e-04,5.1245628096e-05,5.1245628096e-05,4.7480578378e-05,4.7480578378e-05,4.0234985465e-06,4.0234985465e-06,4.3540721819e-06,4.3540721818e-06,2.9375503830e-06,2.9375503830e-06,4.5884982790e-04,4.5884982790e-04,3.7481273002e-06,3.7481273002e-06
3.1622776602e-04,5.1242906549e-05,5.1242906549e-05,4.7478105138e-05,4.7478105138e-05,4.0238841252e-06,4.0238841252e-06,4.3544380052e-06,4.3544380052e-06,2.9380086050e-06,2.9380086050e-06,4.5882057416e-04,4.5882057416e-04,3.7485340878e-06,3.7485340878e-06
3.9810717055e-04,5.1239467845e-05,5.1239467845e-05,4.7474980130e-05,4.7474980130e-05,4.0243684887e-06,4.0243684887e-06,4.3548980687e-06,4.3548980687e-06,2.9385850719e-06,2.9385850719e-06,4.5878372841e-04,4.5878372841e-04,3.7490462257e-06,3.7490462257e-06
5.0118723363e-04,5.1235118991e-05,5.1235118991e-05,4.7471027937e-05,4.7471027937e-05,4.0249766001e-06,4.0249766001e-06,4.3554764924e-06,4.3554764924e-06,2.9393101658e-06,2.9393101658e-06,4.5873731466e-04,4.5873731466e-04,3.7496910048e-06,3.7496910048e-06
6.3095734448e-04,5.1229612758e-05,5.1229612758e-05,4.7466023828e-05,4.7466023828e-05,4.0257395263e-06,4.0257395263e-06,4.3562034770e-06,4.3562034770e-06,2.9402219989e-06,2.9402219989e-06,4.5867883933e-04,4.5867883933e-04,3.7505027901e-06,3.7505027902e-06
7.9432823472e-04,5.1222631134e-05,5.1222631134e-05,4.7459678713e-05,4.7459678713e-05,4.0266958083e-06,4.0266958083e-06,4.3571167823e-06,4.3571167823e-06,2.9413683342e-06,2.9413683342e-06,4.5860515368e-04,4.5860515368e-04,3.7515248571e-06,3.7515248572e-06
1.0000000000e-03,5.1213763040e-05,5.1213763040e-05,4.7451618865e-05,4.7451618865e-05,4.0278930631e-06,4.0278930631e-06,4.3582635321e-06,4.3582635321e-06,2.9428089577e-06,2.9428089577e-06,4.5851227871e-04,4.5851227871e-04,3.7528117055e-06,3.7528117055e-06
1.2589254118e-03,5.1202473964e-05,5.1202473964e-05,4.7441358290e-05,4.7441358290e-05,4.0293898049e-06,4.0293898049e-06,4.3597023967e-06,4.3597023967e-06,2.9446185898e-06,2.9446185898e-06,4.5839518131e-04,4.5839518131e-04,3.7544319770e-06,3.7544319770e-06
1.5848931925e-03,5.1188064050e-05,5.1188064050e-05,4.7428260584e-05,4.7428260584e-05,4.0312574297e-06,4.0312574297e-06,4.3615062000e-06,4.3615062000e-06,2.9468904336e-06,2.9468904336e-06,4.5824748750e-04,4.5824748750e-04,3.7564721353e-06,3.7564721353e-06
1.9952623150e-03,5.1169609537e-05,5.1169609537e-05,4.7411485625e-05,4.7411485625e-05,4.0335822235e-06,4.0335822235e-06,4.3637649771e-06,4.3637649771e-06,2.9497404545e-06,2.9497404545e-06,4.5806111311e-04,4.5806111311e-04,3.7590411086e-06,3.7590411086e-06
2.5118864315e-03,5.1145879809e-05,5.1145879809e-05,4.7389914043e-05,4.7389914043e-05,4.0364671139e-06,4.0364671139e-06,4.3665894687e-06,4.3665894687e-06,2.9533124726e-06,2.9533124726e-06,4.5782578606e-04,4.5782578606e-04,3.7622761519e-06,3.7622761519e-06
3.1622776602e-03,5.1115218361e-05,5.1115218361e-05,4.7362038821e-05,4.7362038821e-05,4.0400326454e-06,4.0400326455e-06,4.3701149576e-06,4.3701149576e-06,2.9577841049e-06,2.9577841049e-06,4.5752842439e-04,4.5752842439e-04,3.7663502524e-06,3.7663502524e-06
3.9810717055e-03,5.1075369797e-05,5.1075369797e-05,4.7325807710e-05,4.7325807710e-05,4.0444331587e-06,4.0444162573e-06,4.3745052068e-06,4.3745052068e-06,2.9633649694e-06,2.9633735030e-06,4.5715232096e-04,4.5715232096e-04,3.7714814954e-06,3.7714814954e-06
5.0118723363e-03,5.1023225339e-05,5.1023225339e-05,4.7278666181e-05,4.7278391381e-05,4.0498655412e-06,4.0497682834e-06,4.3799560041e-06,4.3799560041e-06,2.9702975514e-06,2.9703466578e-06,4.5667606555e-04,4.5667606555e-04,3.7776701203e-06,3.7779449203e-06
6.3095734448e-03,5.0954444300e-05,5.0954444300e-05,4.7218009861e-05,4.7215838516e-05,4.0565344900e-06,4.0562420194e-06,4.3866973842e-06,4.3866973842e-06,2.9788770583e-06,2.9790247297e-06,4.5607210655e-04,4.5607210655e-04,3.7839162081e-06,3.7860875527e-06
7.9432823472e-03,5.0862885373e-05,5.0862885373e-05,4.7139679432e-05,4.7132557527e-05,4.0646607425e-06,4.0639734543e-06,4.3949928756e-06,4.3949928756e-06,2.9894433001e-06,2.9897903191e-06,4.5530481120e-04,4.5530481120e-04,3.7892255891e-06,3.7963474940e-06
1.0000000000e-02,5.0739744606e-05,5.0739744606e-05,4.7037947173e-05,4.7020530877e-05,4.0744640285e-06,4.0730434511e-06,4.4051329270e-06,4.4051329270e-06,3.0023734082e-06,3.0030906726e-06,4.5432781902e-04,4.5432781902e-04,3.7918619219e-06,3.8092782183e-06
1.2589254118e-02,5.0572238681e-05,5.0572238681e-05,4.6904928834e-05,4.6868114822e-05,4.0861287901e-06,4.0834106361e-06,4.4174177123e-06,4.4174177123e-06,3.0180618662e-06,3.0194342905e-06,4.5308038600e-04,4.5308038600e-04,3.7887655664e-06,3.8255795785e-06
1.5848931925e-02,5.0341580346e-05,5.0341580346e-05,4.6729631349e-05,4.6658193764e-05,4.0997411289e-06,4.0947960069e-06,4.4321213510e-06,4.4321213510e-06,3.0368780375e-06,3.0393748812e-06,4.5148226843e-04,4.5148226843e-04,3.7746999174e-06,3.8461375030e-06
1.9952623150e-02,5.0019848142e-05,5.0019848142e-05,4.6496523580e-05,4.6365326363e-05,4.1151778924e-06,4.1064886827e-06,4.4494244629e-06,4.4494244629e-06,3.0590852263e-06,3.0634724991e-06,4.4942646806e-04,4.4942646806e-04,3.7408778048e-06,3.8720750214e-06
2.5118864315e-02,4.9565123997e-05,4.9565123997e-05,4.6183371834e-05,4.5951312178e-05,4.1319170605e-06,4.1170237303e-06,4.4692937584e-06,4.4692937584e-06,3.0846952458e-06,3.0922150438e-06,4.4676880848e-04,4.4676880848e-04,3.6727585108e-06,3.9048181668e-06
3.1622776602e-02,4.8913911157e-05,4.8913911157e-05,4.5757936221e-05,4.5358278224e-05,4.1487198261e-06,4.1236535392e-06,4.4912741835e-06,4.4912741835e-06,3.1132367690e-06,3.1258725586e-06,4.4331276772e-04,4.4331276772e-04,3.5465235821e-06,3.9461815799e-06
3.9810717055e-02,4.7969273917e-05,4.7969273917e-05,4.5172894388e-05,4.4497864132e-05,4.1631048120e-06,4.1214873298e-06,4.5141380687e-06,4.5141380687e-06,3.1446465328e-06,3.1642395088e-06,4.3878714273e-04,4.3878714273e-04,3.3234502035e-06,3.9984804595e-06
5.0118723363e-02,4.6582237398e-05,4.6582237398e-05,4.4357997183e-05,4.3234260832e-05,4.1704871776e-06,4.1020988152e-06,4.5353020970e-06,4.5353020970e-06,3.1779724790e-06,3.2061925848e-06,4.3281279407e-04,4.3281279407e-04,2.9409417756e-06,4.0646781268e-06
6.3095734448e-02,4.4522556227e-05,4.4522556227e-05,4.3207889274e-05,4.1357554070e-05,4.1627794659e-06,4.0512835528e-06,4.5496474238e-06,4.5498693060e-06,3.2100747067e-06,3.2489473930e-06,4.2485263919e-04,4.2485263919e-04,2.2982470976e-06,4.1485823011e-06
7.9432823472e-02,4.1471818285e-05,4.1432698289e-05,4.1563124689e-05,3.8541760514e-05,4.1261303763e-06,3.9454593366e-06,4.5469386750e-06,4.5490680176e-06,3.2348736147e-06,3.2868269205e-06,4.1418365772e-04,4.1413579538e-04,1.2337446670e-06,4.2551088421e-06
1.0000000000e-01,3.7022608481e-05,3.6755307024e-05,3.9189949625e-05,3.4278676689e-05,4.0372859199e-06,3.7459042399e-06,4.5101821007e-06,4.5177238957e-06,3.2413448454e-06,3.3092423676e-06,3.9986866931e-04,3.9954163265e-04,0.0000000000e+00,4.3906401641e-06
1.2589254118e-01,3.0462491392e-05,2.9618731826e-05,3.5795393801e-05,2.7773486368e-05,3.8577529493e-06,3.3895528140e-06,4.4224117900e-06,4.4301856794e-06,3.2102675249e-06,3.2974082398e-06,3.8045445133e-04,3.7942139575e-04,0.0000000000e+00,4.5635182663e-06
1.5848931925e-01,2.0673794279e-05,1.8656229031e-05,3.0892317849e-05,1.7779875608e-05,3.5244617433e-06,2.7743187636e-06,4.2685493279e-06,4.2437826164e-06,3.1089774603e-06,3.2190294298e-06,3.5380609396e-04,3.5132227462e-04,0.0000000000e+00,4.7847316903e-06
1.9952623150e-01,5.9216254240e-06,1.7201991838e-06,2.3711947216e-05,2.3394205049e-06,2.9642822449e-06,1.7357192959e-06,4.0062603588e-06,3.8883478222e-06,2.8829342963e-06,3.0197465011e-06,3.1675945703e-04,3.1155862167e-04,0.0000000000e+00,5.0688853787e-06
2.5118864315e-01,0.0000000000e+00,-2.4569728873e-05,1.4113397425e-05,-2.1630558035e-05,2.0153169077e-06,9.6841231595e-09,3.5684045902e-06,3.2494787485e-06,2.4422087899e-06,2.6094082869e-06,2.6457600491e-04,2.5454312311e-04,0.0000000000e+00,5.4355881157e-06
3.1622776602e-01,0.0000000000e+00,-6.5541693268e-05,3.4426911687e-06,-5.8989070758e-05,4.0574387747e-07,-2.8265684345e-06,2.8598662131e-06,2.1418366416e-06,1.6866276193e-06,1.8401025569e-06,1.9094857439e-04,1.7174030579e-04,0.0000000000e+00,5.9114630352e-06
3.9810717055e-01,0.0000000000e+00,-1.2960322515e-04,0.0000000000e+00,-1.1740350939e-04,0.0000000000e+00,-7.4484632900e-06,1.9868189924e-06,2.6661479816e-07,0.0000000000e+00,4.7106898463e-07,9.7361615470e-05,5.0024989077e-05,0.0000000000e+00,6.5330968327e-06
5.0118723363e-01,0.0000000000e+00,-2.3003278480e-04,0.0000000000e+00,-2.0898354417e-04,0.0000000000e+00,-1.4933226023e-05,1.0955123324e-06,-2.8561394131e-06,0.0000000000e+00,-1.8872474261e-06,5.2510155789e-06,-1.3089795205e-04,0.0000000000e+00,7.3514152975e-06
6.3095734448e-01,0.0000000000e+00,-3.8781667457e-04,0.0000000000e+00,-3.5286842277e-04,0.0000000000e+00,-2.6996640902e-05,2.4726797969e-07,-7.9951264593e-06,0.0000000000e+00,-5.8622904150e-06,0.0000000000e+00,-4.0255599337e-04,0.0000000000e+00,8.4382420821e-06
7.9432823472e-01,0.0000000000e+00,-6.3614212004e-04,0.0000000000e+00,-5.7932472524e-04,0.0000000000e+00,-4.6368739549e-05,0.0000000000e+00,-1.6378759631e-05,0.0000000000e+00,-1.2461131759e-05,0.0000000000e+00,-8.1411345892e-04,0.0000000000e+00,9.8962203174e-06
1.0000000000e+00,0.0000000000e+00,-1.0275143926e-03,0.0000000000e+00,-9.3623729525e-04,0.0000000000e+00,-7.7389796986e-05,0.0000000000e+00,-2.9966664427e-05,0.0000000000e+00,-2.3295786062e-05,0.0000000000e+00,-1.4424791838e-03,0.0000000000e+00,1.1873941421e-05
